"","Season","Phylum","Mean","SD","SE"
"1","Summer","Bacteroidetes",83.3333333333333,28.8675134594813,16.6666666666667
"2","Summer","Unclassified",16.6666666666667,28.8675134594813,16.6666666666667
"3","Summer","Viruses",0,0,0
"4","Winter","Bacteroidetes",100,0,0
"5","Winter","Unclassified",0,0,0
"6","Winter","Viruses",0,0,0
"7","Spring","Bacteroidetes",88.8888888888889,19.2450089729875,11.1111111111111
"8","Spring","Unclassified",11.1111111111111,19.2450089729875,11.1111111111111
"9","Spring","Viruses",0,0,0
