"","Season","Phylum","Mean","SD","SE"
"1","Summer","Bacteroidetes",90.2837902837903,8.097004143224,4.67480752171989
"2","Summer","Unclassified",9.71620971620972,8.097004143224,4.67480752171989
"3","Summer","Viruses",0,0,0
"4","Winter","Bacteroidetes",94.8148148148148,5.01027750313655,2.89268506515061
"5","Winter","Unclassified",5.18518518518519,5.01027750313655,2.89268506515061
"6","Winter","Viruses",0,0,0
"7","Spring","Bacteroidetes",98.0392156862745,3.39617805405663,1.96078431372549
"8","Spring","Unclassified",1.96078431372549,3.39617805405662,1.96078431372549
"9","Spring","Viruses",0,0,0
